method,case,seed,budget_seconds,wall_seconds,status,nodes,input_sha256
gpu-dfs,planted-817,71,10.0,10.76500000001397,timeout,23563005,790302a0980595ce36e68b720ed43ed20ca5145c0d1b482dba9650445b7a6dd8
dfs,planted-817,71,10.0,10.562999999965541,timeout,36,790302a0980595ce36e68b720ed43ed20ca5145c0d1b482dba9650445b7a6dd8
cp,planted-817,71,10.0,10.703000000095926,timeout,1582,790302a0980595ce36e68b720ed43ed20ca5145c0d1b482dba9650445b7a6dd8
cp-sat,planted-817,71,10.0,9.640999999945052,timeout,0,790302a0980595ce36e68b720ed43ed20ca5145c0d1b482dba9650445b7a6dd8
sat,planted-817,71,10.0,13.64000000001397,timeout,56901,790302a0980595ce36e68b720ed43ed20ca5145c0d1b482dba9650445b7a6dd8
hybrid,planted-817,71,10.0,10.672000000020489,timeout,26,790302a0980595ce36e68b720ed43ed20ca5145c0d1b482dba9650445b7a6dd8
gpu-dfs,planted-291,71,10.0,10.71799999999348,timeout,23761682,b09b32c0500deeedc36155a9efc6f24c0c9d654320811e3cc4174c919557e47e
dfs,planted-291,71,10.0,10.687999999965541,timeout,31,b09b32c0500deeedc36155a9efc6f24c0c9d654320811e3cc4174c919557e47e
cp,planted-291,71,10.0,10.625,timeout,1978,b09b32c0500deeedc36155a9efc6f24c0c9d654320811e3cc4174c919557e47e
cp-sat,planted-291,71,10.0,9.952999999979511,timeout,0,b09b32c0500deeedc36155a9efc6f24c0c9d654320811e3cc4174c919557e47e
sat,planted-291,71,10.0,12.60999999998603,timeout,115096,b09b32c0500deeedc36155a9efc6f24c0c9d654320811e3cc4174c919557e47e
hybrid,planted-291,71,10.0,10.922000000020489,timeout,21,b09b32c0500deeedc36155a9efc6f24c0c9d654320811e3cc4174c919557e47e
gpu-dfs,real-gold,71,10.0,10.765999999945052,timeout,26395208,6747cee231f613d6e6058610bcccec73a30031498b86065304a44986f602d09a
dfs,real-gold,71,10.0,10.687000000034459,timeout,28,6747cee231f613d6e6058610bcccec73a30031498b86065304a44986f602d09a
cp,real-gold,71,10.0,10.75,timeout,639,6747cee231f613d6e6058610bcccec73a30031498b86065304a44986f602d09a
cp-sat,real-gold,71,10.0,11.109000000054948,timeout,0,6747cee231f613d6e6058610bcccec73a30031498b86065304a44986f602d09a
sat,real-gold,71,10.0,11.968999999924563,timeout,22019,6747cee231f613d6e6058610bcccec73a30031498b86065304a44986f602d09a
hybrid,real-gold,71,10.0,10.812999999965541,timeout,20,6747cee231f613d6e6058610bcccec73a30031498b86065304a44986f602d09a
dfs,planted-817,197,10.0,10.704000000027008,timeout,29,790302a0980595ce36e68b720ed43ed20ca5145c0d1b482dba9650445b7a6dd8
cp,planted-817,197,10.0,10.734000000054948,timeout,1267,790302a0980595ce36e68b720ed43ed20ca5145c0d1b482dba9650445b7a6dd8
cp-sat,planted-817,197,10.0,12.359000000054948,timeout,0,790302a0980595ce36e68b720ed43ed20ca5145c0d1b482dba9650445b7a6dd8
sat,planted-817,197,10.0,16.68700000003446,timeout,56901,790302a0980595ce36e68b720ed43ed20ca5145c0d1b482dba9650445b7a6dd8
hybrid,planted-817,197,10.0,10.968999999924563,timeout,21,790302a0980595ce36e68b720ed43ed20ca5145c0d1b482dba9650445b7a6dd8
gpu-dfs,planted-817,197,10.0,10.875,timeout,23529708,790302a0980595ce36e68b720ed43ed20ca5145c0d1b482dba9650445b7a6dd8
dfs,planted-291,197,10.0,10.655999999959022,timeout,29,b09b32c0500deeedc36155a9efc6f24c0c9d654320811e3cc4174c919557e47e
cp,planted-291,197,10.0,10.73499999998603,timeout,1996,b09b32c0500deeedc36155a9efc6f24c0c9d654320811e3cc4174c919557e47e
cp-sat,planted-291,197,10.0,11.687999999965541,timeout,0,b09b32c0500deeedc36155a9efc6f24c0c9d654320811e3cc4174c919557e47e
sat,planted-291,197,10.0,11.094000000040978,timeout,102015,b09b32c0500deeedc36155a9efc6f24c0c9d654320811e3cc4174c919557e47e
hybrid,planted-291,197,10.0,10.969000000040978,timeout,24,b09b32c0500deeedc36155a9efc6f24c0c9d654320811e3cc4174c919557e47e
gpu-dfs,planted-291,197,10.0,10.765999999945052,timeout,20024878,b09b32c0500deeedc36155a9efc6f24c0c9d654320811e3cc4174c919557e47e
dfs,real-gold,197,10.0,10.719000000040978,timeout,21,6747cee231f613d6e6058610bcccec73a30031498b86065304a44986f602d09a
cp,real-gold,197,10.0,11.422000000020489,timeout,430,6747cee231f613d6e6058610bcccec73a30031498b86065304a44986f602d09a
cp-sat,real-gold,197,10.0,10.844000000040978,timeout,0,6747cee231f613d6e6058610bcccec73a30031498b86065304a44986f602d09a
sat,real-gold,197,10.0,14.531000000075437,timeout,22019,6747cee231f613d6e6058610bcccec73a30031498b86065304a44986f602d09a
hybrid,real-gold,197,10.0,10.780999999959022,timeout,16,6747cee231f613d6e6058610bcccec73a30031498b86065304a44986f602d09a
gpu-dfs,real-gold,197,10.0,10.984000000054948,timeout,22726557,6747cee231f613d6e6058610bcccec73a30031498b86065304a44986f602d09a
